id,bid,正文,原始图片url,视频url,日期,点赞数,评论数,转发数,话题,@用户
4452269380945176,IlVLs3XSM,看天象奇观可以不靠运气，靠计算？  比如前几天的双子座流星雨，最佳的观测地点与拍摄角度其实都“有迹可循”，科学计算与艺术创作结合而成的“天象秘籍”不仅可以辅助流星雨拍摄，悬日、幻日、曙暮光等等神奇天象也都尽在掌握！  至于这份独创的摄影计算秘笈是什么？中国国家地理跟@奥迪 A4 Avant共同开启的“演算宇宙之美”活动，等你来找寻答案！这一次追星逐日的旅途，将带你冲破一成不变的地表，找到变幻无穷的天空！ #全新奥迪旅行车家族# #活出生命的辽阔#,"https://wx4.sinaimg.cn/large/007xShmyly1ga46xscdjgj31qa0u0qv5.jpg,https://wx2.sinaimg.cn/large/007xShmyly1ga46y7upb6j31hc0u0kjm.jpg,https://wx4.sinaimg.cn/large/007xShmyly1ga46yjzegwj318y0u0hdu.jpg,https://wx3.sinaimg.cn/large/007xShmyly1ga46z1h4j7j31hc0u0kjm.jpg,https://wx3.sinaimg.cn/large/007xShmyly1ga46zdss57j31hc0u01ky.jpg,https://wx1.sinaimg.cn/large/007xShmyly1ga46zxz4mxj31hc0u0qv5.jpg,https://wx1.sinaimg.cn/large/007xShmyly1ga4709i74pj31hd0u0b29.jpg,https://wx2.sinaimg.cn/large/007xShmyly1ga470qvz2ij318z0u0u0z.jpg,https://wx2.sinaimg.cn/large/007xShmyly1ga4716nxnsj318z0u0qv7.jpg",,2019-12-22,2190,167,36,"全新奥迪旅行车家族,活出生命的辽阔",奥迪
4451542037513612,IlCQjvwDi,这是啥？能好怎？有毒吗？怎么区分？我们今年的【博物历2020】是精选热门问题推出的全新问答历，20年跟博物一起涨姿势，包教包会，转发本条微博抽10人，每人送一本  抽奖详情 ,"https://wx4.sinaimg.cn/large/473b15c3ly1ga31lcscyaj20rs0rs7pt.jpg,https://wx4.sinaimg.cn/large/473b15c3ly1ga31ldf0z2j20rs0rswu4.jpg,https://wx4.sinaimg.cn/large/473b15c3ly1ga31leemvuj20rs0rs1ho.jpg,https://wx3.sinaimg.cn/large/473b15c3ly1ga31lbxq6hj20rs0rsapg.jpg,https://wx1.sinaimg.cn/large/473b15c3ly1ga31lf85z4j20rs0rs4kt.jpg,https://wx1.sinaimg.cn/large/473b15c3ly1ga31lfu2okj20rs0rs4gy.jpg,https://wx2.sinaimg.cn/large/473b15c3ly1ga31lgda14j20rs0rsdq8.jpg,https://wx4.sinaimg.cn/large/473b15c3ly1ga31lh4xbuj20rs0rsaxj.jpg,https://wx3.sinaimg.cn/large/473b15c3ly1ga31lhldbcj20rs0rs7fs.jpg",,2019-12-20,2254,1643,6525,,
4448752976442504,IkshPr1Zm,博物小馆双12特辑 微博直播 ,,,2019-12-12,429,37,12,,
4448390680719020,IkiRu3136,#编辑部真人真事# 编辑们刚刚拍到的国际空间站从单位门口过境！刚才六点半如果在西南天空看到一个移动的亮点，就是它了。明天它还来，晚5:44左右会出现在北京的西南天空、上海接近天顶、杭州东北天空，大家留心逮它 博物杂志的微博视频 ,,,2019-12-11,5712,651,810,编辑部真人真事,
4448283059274167,Ikg3TCUDl,我们博物小馆最近上了很多新鲜玩意，今晚12点开售 ，趁着年末最后一次大促拼了，又打折又送礼还送钱，喜欢的朋友别放过我们，转发本条微博抽10位送定制签名版【博物历2020】  抽奖详情 ,"https://wx2.sinaimg.cn/large/473b15c3ly1g9sn9wn359j20rs0rsaty.jpg,https://wx1.sinaimg.cn/large/473b15c3ly1g9sn9x3tcgj20rs0rsnm7.jpg,https://wx1.sinaimg.cn/large/473b15c3ly1g9sn9xxwrej20rs0rsawd.jpg,https://wx3.sinaimg.cn/large/473b15c3ly1g9sn9w1iucj20rs2bc1ky.jpg,https://wx2.sinaimg.cn/large/473b15c3ly1g9sn9z9skhj20rs2bc4qq.jpg,https://wx2.sinaimg.cn/large/473b15c3ly1g9sna0pae5j20rs2bc1kz.jpg,https://wx1.sinaimg.cn/large/473b15c3ly1g9sna2ae5gj20rs2bc1kz.jpg,https://wx1.sinaimg.cn/large/473b15c3ly1g9sna3jbxdj20rs2bc1ky.jpg,https://wx2.sinaimg.cn/large/473b15c3ly1g9sna5gnrbj20rs2bcb2a.jpg",,2019-12-11,696,402,1334,,
4448041547193950,Ik9Mmubts,又到了长（fu）图（li）时间~叮~~~~我们今天来聊聊冬天里正能量爆棚的问题吧 ,https://wx1.sinaimg.cn/large/007xShmyly1g9ruj9shlrj30m89qqkjn.jpg,,2019-12-10,1783,326,71,,
4448001189514462,Ik8JgDV94,【博物招财动物第二弹】正式上架，携兔狲、藏狐、原仓鼠和亚洲小爪水獭给大家拜早年，手部可动搭配發字金币，送给大家简单朴实的祝福——全体发财（听说搭配第一弹入手更划算） ,"https://wx2.sinaimg.cn/large/473b15c3ly1g9rqxmtukgj20rs0rs7l5.jpg,https://wx4.sinaimg.cn/large/473b15c3ly1g9rqxphqouj20rs0rsh2y.jpg,https://wx4.sinaimg.cn/large/473b15c3ly1g9rqxkeqpdj20rs0rsk89.jpg,https://wx2.sinaimg.cn/large/473b15c3ly1g9rqxhw7bsj20rs0rs19b.jpg,https://wx1.sinaimg.cn/large/473b15c3ly1g9rqxfd9ywj20rs0rs4jq.jpg,https://wx3.sinaimg.cn/large/473b15c3ly1g9rqyibwpyj20rs0rsar1.jpg,https://wx4.sinaimg.cn/large/473b15c3ly1g9rqxuby5cg20jg0jg4qr.gif,https://wx4.sinaimg.cn/large/473b15c3ly1g9rqx8s0cxg20jg0jgu0y.gif,https://wx3.sinaimg.cn/large/473b15c3ly1g9rqxzx8dsg20jg0jgu0z.gif",,2019-12-10,1783,258,266,,
4447670112295532,Ik07h9DaI,一提周口店，你会想到什么？或许历史课本里那个尖嘴猴腮的猿人就蹦出来了。这群“老北京”是90年前被发现的，把“人类历史”往前推了几十万年。90年后，我们重返周口店，12月《博物》带大家看看他们到底是一群什么人。转发抽奖送杂志一本+“鲸喜”一个，抽三位  抽奖详情 ,"https://wx2.sinaimg.cn/large/473b15c3ly1g9qorqdh6fj20u0cewnpn.jpg,https://wx3.sinaimg.cn/large/473b15c3ly1g9qowbmazbj21900u0e8c.jpg",,2019-12-09,935,303,963,,
4447652982432884,IjZFEacU4,年底了，是不是压力很大？我们新出了几个可以捏的河豚，好玩减压，周四开售，大家可以先加购物车里 ,"https://wx1.sinaimg.cn/large/473b15c3ly1g9qmxz01l8j20rs2bc1ky.jpg,https://wx3.sinaimg.cn/large/473b15c3ly1g9qmxzjueaj20rs0rskdj.jpg,https://wx4.sinaimg.cn/large/473b15c3ly1g9qmxxubrwj20rs2bc7wi.jpg,https://wx2.sinaimg.cn/large/473b15c3ly1g9qmxzxtd8j20rs0rsk7a.jpg,https://wx4.sinaimg.cn/large/473b15c3ly1g9qmy0aysqj20rs0rstps.jpg,https://wx2.sinaimg.cn/large/473b15c3ly1g9qmy0rfzjj20rs0rsng3.jpg,https://wx2.sinaimg.cn/large/473b15c3ly1g9qmys08i1g20ku0kue84.gif,https://wx4.sinaimg.cn/large/473b15c3ly1g9qmy5mwwag20ku0ku4qt.gif,https://wx3.sinaimg.cn/large/473b15c3ly1g9qmy1s3c4g20ku0kuu0y.gif",,2019-12-09,3078,562,639,,
4445834387467125,Ijemqvkxv,【博物历2020】享满减继续，博物历仅剩不到5000本，不打算加印也不打算涨价，售罄后还想要的请再等一年。播广告不解释，买就对了，到手如果惊喜请在微博@ 我 ,"https://wx3.sinaimg.cn/large/473b15c3ly1g9ku13te7jj20ku112kjl.jpg,https://wx2.sinaimg.cn/large/473b15c3ly1g9ku1485ohj20ku112k6j.jpg,https://wx1.sinaimg.cn/large/473b15c3ly1g9ku14nb17j20ku112hcz.jpg,https://wx3.sinaimg.cn/large/473b15c3ly1g9ku158fgsj20ku1121kx.jpg,https://wx4.sinaimg.cn/large/473b15c3ly1g9ku15z23bj20ku112hdt.jpg,https://wx4.sinaimg.cn/large/473b15c3ly1g9ku16tke1j20ku112qv5.jpg,https://wx4.sinaimg.cn/large/473b15c3ly1g9ku17e4ldj20ku1121kx.jpg,https://wx1.sinaimg.cn/large/473b15c3ly1g9ku132095j20ku112hbj.jpg,https://wx3.sinaimg.cn/large/473b15c3ly1g9ku17v9z5j20ku112e1b.jpg",,2019-12-04,1001,146,38,,
4445086647425038,IiUUov9AG,#彭于晏海龟奇援#今日上线！！明星身体力行投身环保宣传，值得敬佩和鼓励！先放个博物专属预告片——片子里有你们爱的彭于晏或者你们爱的海龟或者你们爱的海龟和彭于晏。《海龟奇“援”》三集纪录片，优酷即日起每周一更新 博物杂志的微博视频 ,,,2019-12-02,3312,160,422,彭于晏海龟奇援,
